,cpu_request,gpu_request,worker_num,duration,gpu_demand
cpu_request,1.0,0.8311132709254373,0.15692971466192987,0.029018302344041663,0.34868543409102626
gpu_request,0.8311132709254373,1.0,0.11152164785336438,-0.056087633592297195,0.3046979589291245
worker_num,0.15692971466192987,0.11152164785336438,1.0,-0.019195505740976948,0.6960280660320842
duration,0.029018302344041663,-0.056087633592297195,-0.019195505740976948,1.0,-0.020303576777433992
gpu_demand,0.34868543409102626,0.3046979589291245,0.6960280660320842,-0.020303576777433992,1.0
