gpu_model,jobs,gpu_demand,gpu_seconds,median_gpu_req,jobs_share,gpu_seconds_share
A10,228643,210325.44,52819975029.56,1.0,0.48973904773736415,0.3711506565708785
A100-SXM4-80GB,169020,828768.0,40781791134.0,1.0,0.3620302998498502,0.2865618271695465
GPU-series-2,30397,442571.0,10358767882.5,4.0,0.06510847843175893,0.07278805979562825
GPU-series-1,18911,40843.5,18781312609.0,1.0,0.04050618270299679,0.13197084061838749
H800,11097,721498.0,17678161867.0,8.0,0.023769081986947032,0.12421932006274888
A800-SXM4-80GB,8799,53961.0,1894100572.0,2.0,0.0188469092910829,0.013309295782810458
