type,jobs_share,gpu_seconds_share
HP,0.8904313219824918,0.9757342015560978
Spot,0.10956867801750819,0.024265798443902416
